nes	OK	10-Yard Fight (U).nes
nes	OK	1943 (U).nes
nes	OK	3-D Battles of World Runner, The (U).nes
nes	OK	720 (U).nes
nes	OK	8 Eyes (U).nes
nes	OK	Abadox (U).nes
nes	OK	Action 52 (U) [!].nes
nes	OK	Addams Family - Pugsley's Scavenger Hunt, The (U).nes
nes	OK	Addams Family, The (U).nes
nes	OK	AD&D Dragon Strike (U) [a1].nes
nes	OK	AD&D Dragon Strike (U).nes
nes	OK	AD&D Heroes of the Lance (U).nes
nes	OK	AD&D Hillsfar (U) [!].nes
nes	OK	AD&D Pool of Radiance (U).nes
nes	OK	Adventures in the Magic Kingdom (U) [a1].nes
nes	OK	Adventures in the Magic Kingdom (U).nes
nes	OK	Adventures of Bayou Billy, The (U).nes
nes	HANG	Adventures of Captain Comic, The (U).nes
nes	OK	Adventures of Dino Riki (U).nes
nes	OK	Adventures of Lolo 2 (U).nes
nes	OK	Adventures of Lolo 3 (U).nes
nes	OK	Adventures of Lolo (U) [!].nes
nes	OK	Adventures of Rad Gravity, The (U).nes
nes	OK	Adventures of Rocky and Bullwinkle and Friends, The (U).nes
nes	OK	Adventures of Tom Sawyer (U).nes
nes	OK	After Burner (U).nes
nes	OK	Air Fortress (U).nes
nes	OK	Airwolf (U).nes
nes	OK	Alfred Chicken (U).nes
nes	OK	Alien 3 (U).nes
nes	OK	Alien Syndrome (U).nes
nes	OK	All-Pro Basketball (U).nes
nes	OK	Alpha Mission (U).nes
nes	HANG	Al Unser Jr Turbo Racing (U) [a1].nes
nes	OK	Al Unser Jr Turbo Racing (U) [a2].nes
nes	OK	Al Unser Jr Turbo Racing (U).nes
nes	OK	Amagon (U) [a1].nes
nes	OK	Amagon (U) [a2].nes
nes	OK	Amagon (U).nes
nes	OK	American Gladiators (U).nes
nes	OK	Anticipation (U).nes
nes	OK	Archon (U).nes
nes	OK	Arch Rivals (U).nes
nes	OK	Arkanoid (U).nes
nes	OK	Arkista's Ring (U) [!].nes
nes	OK	Astyanax (U).nes
nes	OK	Astyanax (U) (Prototype).nes
nes	OK	Athena (U) [a1].nes
nes	OK	Athena (U).nes
nes	OK	Athletic World (U).nes
nes	OK	Attack of the Killer Tomatoes (U).nes
nes	OK	Baby Boomer (U).nes
nes	OK	Back to the Future 2 & 3 (U).nes
nes	OK	Back to the Future (U).nes
nes	OK	Bad Dudes (U).nes
nes	OK	Bad News Baseball (U).nes
nes	OK	Bad Street Brawler (U).nes
nes	OK	Bandai Golf - Challenge Pebble Beach (U).nes
nes	OK	Bandit Kings of Ancient China (U) [a1].nes
nes	OK	Bandit Kings of Ancient China (U).nes
nes	OK	Barbie (U) (Rev 3).nes
nes	OK	Barbie (U) (Rev X).nes
nes	OK	Bard's Tale - Tales of the Unknown, The (U) [!].nes
nes	OK	Barker Bill's Trick Shooting (U).nes
nes	OK	Baseball Simulator 1.000 (U).nes
nes	OK	Baseball Stars 2 (U).nes
nes	OK	Baseball Stars (U).nes
nes	OK	Bases Loaded 2 (U).nes
nes	OK	Bases Loaded 3 (U).nes
nes	OK	Bases Loaded 4 (U).nes
nes	OK	Bases Loaded (U).nes
nes	OK	Base Wars (U) [a1].nes
nes	OK	Base Wars (U).nes
nes	OK	Batman - Return of the Joker (U).nes
nes	OK	Batman Returns (U).nes
nes	OK	Batman (U).nes
nes	OK	Batman (U) (Prototype).nes
nes	OK	Battle Chess (U).nes
nes	OK	Battle of Olympus, The (U).nes
nes	OK	Battleship (U).nes
nes	OK	Battle Tank (U).nes
nes	OK	Battletoads Double Dragon (U).nes
nes	OK	Battletoads (U).nes
nes	OK	Bee 52 (U).nes
nes	OK	Beetlejuice (U) [!].nes
nes	OK	Best of the Best Championship Karate (U).nes
nes	OK	Bible Adventures (U) (V1.2).nes
nes	OK	Bible Adventures (U) (V1.3).nes
nes	OK	Bible Buffet (U) (Ver 6.0).nes
nes	OK	Big Bird's Hide and Speak (U).nes
nes	OK	Bigfoot (U).nes
nes	OK	Big Nose Freaks Out (Aladdin) (U).nes
nes	OK	Big Nose Freaks Out (U).nes
nes	OK	Big Nose the Caveman (U).nes
nes	OK	Bill Elliott's NASCAR Challenge (U).nes
nes	OK	Bill & Ted's Excellent Video Game Adventure (U).nes
nes	OK	Bionic Commando (U).nes
nes	OK	Black Bass USA, The (U).nes
nes	OK	Blackjack (U).nes
nes	OK	Blades of Steel (U).nes
nes	OK	Blaster Master (U).nes
nes	OK	Blaster Master (U) (Prototype).nes
nes	OK	Blue Marlin, The (U).nes
nes	OK	Blues Brothers, The (U).nes
nes	OK	Bo Jackson Baseball (U).nes
nes	OK	Bomberman 2 (U).nes
nes	OK	Bomberman (U).nes
nes	OK	Bonk's Adventure (U).nes
nes	OK	Boulder Dash (U).nes
nes	OK	Boy and His Blob - Trouble on Blobolonia, A (U).nes
nes	OK	Bram Stoker's Dracula (U).nes
nes	OK	Breakthru (U).nes
nes	OK	Break Time (U).nes
nes	OK	Bubble Bobble Part 2 (U).nes
nes	OK	Bubble Bobble (U).nes
nes	OK	Bucky O'Hare (U) [!].nes
nes	OK	Bugs Bunny Birthday Bash (Prototype) (U).nes
nes	OK	Bugs Bunny Birthday Blowout, The (U).nes
nes	OK	Bugs Bunny Crazy Castle, The (U).nes
nes	OK	Bugs Bunny Fun House (Prototype) (U).nes
nes	OK	Bump'n'Jump (U).nes
nes	OK	Burai Fighter (U).nes
nes	OK	Burger Time (U) [!].nes
nes	OK	Cabal (U) [a1].nes
nes	OK	Cabal (U).nes
nes	OK	Caesar's Palace (U).nes
nes	OK	California Games (U) [a1].nes
nes	OK	California Games (U).nes
nes	OK	Caltron 6-in-1 (U).nes
nes	OK	Captain America and the Avengers (U).nes
nes	OK	Captain Planet and the Planeteers (U).nes
nes	OK	Captain SkyHawk (U).nes
nes	OK	Casino Kid 2 (U).nes
nes	OK	Casino Kid (U).nes
nes	OK	Castelian (U).nes
nes	OK	Castle of Deceit (U).nes
nes	OK	Castle of Dragon (U).nes
nes	OK	Castlequest (U).nes
nes	OK	Castlevania 2 - Simon's Quest (U).nes
nes	OK	Castlevania 3 - Dracula's Curse (U).nes
nes	OK	Castlevania (U) (PRG 0).nes
nes	OK	Castlevania (U) (PRG 1).nes
nes	OK	Caveman Games (U).nes
nes	OK	Challenge of the Dragon (U).nes
nes	OK	Championship Bowling (U) [!].nes
nes	OK	Championship Pool (U).nes
nes	OK	Cheetahmen 2 (U).nes
nes	OK	Chessmaster, The (U).nes
nes	OK	Chiller (U) [!].nes
nes	OK	Chip 'n Dale Rescue Rangers 2 (U).nes
nes	OK	Chip 'n Dale Rescue Rangers (U) [!].nes
nes	OK	Chubby Cherub (U).nes
nes	OK	Circus Caper (U).nes
nes	OK	Circus Charlie.nes
nes	EXIT1	CIRCUS.NES
nes	OK	City Connection (U).nes
nes	OK	Clash At Demonhead (U) [a1].nes
nes	OK	Clash At Demonhead (U).nes
nes	OK	Classic Concentration (U).nes
nes	OK	Cliffhanger (U).nes
nes	OK	Cobra Command (U).nes
nes	OK	Cobra Triangle (U).nes
nes	OK	Code Name Viper (U).nes
nes	OK	Color A Dinosaur (U).nes
nes	OK	Commando (U).nes
nes	OK	Conan (U).nes
nes	OK	Conflict (U) [!].nes
nes	OK	Conquest of the Crystal Palace (U).nes
nes	OK	Contra Force (U).nes
nes	OK	Contra (U).nes
nes	OK	Cool World (U).nes
nes	OK	Cowboy Kid (U).nes
nes	OK	Crash'n The Boys Street Challenge (U).nes
nes	OK	Crystalis (Prototype) (U) [a1].nes
nes	HANG	Crystalis (Prototype) (U).nes
nes	OK	Crystalis (U) [a1].nes
nes	OK	Crystalis (U) [a2].nes
nes	OK	Crystalis (U).nes
nes	OK	Crystal Mines (U).nes
nes	OK	Cyberball (U).nes
nes	OK	Cybernoid - The Fighting Machine (U).nes
nes	OK	Dance Aerobics (U).nes
nes	OK	Danny Sullivan's Indy Heat (U).nes
nes	OK	Darkman (U).nes
nes	OK	Darkwing Duck (U).nes
nes	OK	Darkwing Duck (U) (Prototype).nes
nes	OK	Dash Galaxy in the Alien Asylum (U).nes
nes	OK	Day Dreamin' Davey (U).nes
nes	OK	Days of Thunder (U).nes
nes	OK	Deadly Towers (U).nes
nes	OK	Deathbots (U) [a1].nes
nes	OK	Deathbots (U).nes
nes	OK	Death Race (U).nes
nes	OK	Defender 2 (U).nes
nes	OK	Defender of the Crown (U).nes
nes	OK	Defenders of Dynatron City (U).nes
nes	HANG	Deja Vu (U).nes
nes	OK	Demon Sword (U).nes
nes	OK	Desert Commander (U).nes
nes	OK	Destination Earthstar (U).nes
nes	OK	Destiny of an Emperor (U).nes
nes	OK	Dick Tracy (U).nes
nes	OK	Die Hard (U).nes
nes	OK	Dig Dug II (U) [!].nes
nes	OK	Digger - The Legend of the Lost City (U).nes
nes	OK	Dirty Harry (U).nes
nes	OK	Dizzy The Adventurer (Aladdin) (U).nes
nes	OK	Donkey Kong Classics (U).nes
nes	OK	Donkey Kong Jr. Math (U).nes
nes	OK	Double Dare (U).nes
nes	OK	Double Dragon 2 - The Revenge (U).nes
nes	OK	Double Dragon 3 - The Sacred Stones (U).nes
nes	OK	Double Dragon (U).nes
nes	OK	Double Dribble (U) (PRG 0).nes
nes	OK	Double Dribble (U) (PRG 1) [!].nes
nes	OK	Double Strike (U) (V1.0).nes
nes	OK	Double Strike (U) (V1.1).nes
nes	OK	Drac's Night Out (Prototype) (U) [!].nes
nes	OK	Dragon Fighter (U).nes
nes	OK	Dragon Power (U).nes
nes	OK	Dragon's Lair (U).nes
nes	OK	Dragon Spirit - The New Legend (U).nes
nes	OK	Dragon Warrior 2 (U).nes
nes	OK	Dragon Warrior 3 (U).nes
nes	OK	Dragon Warrior 4 (U).nes
nes	OK	Dragon Warrior (U) (PRG 0).nes
nes	OK	Dragon Warrior (U) (PRG 1).nes
nes	OK	Dr Chaos (U).nes
nes	OK	Dr Jekyll and Mr Hyde (U).nes
nes	OK	Duck Tales 2 (U).nes
nes	OK	Duck Tales (U).nes
nes	OK	Duck Tales (U) (Prototype).nes
nes	OK	Dudes With Attitude (U).nes
nes	OK	Dungeon Magic - Sword of the Elements (U).nes
nes	OK	Dusty Diamond's All-Star Softball (U).nes
nes	OK	Dynowarz - Destruction of Spondylus (U).nes
nes	OK	Earth Bound (Prototype) (U).nes
nes	OK	Earth Bound Zero (Neo Demiforce v1.01 Hack-1) (U).nes
nes	OK	Earth Bound Zero (Neo Demiforce v1.01 Hack-2) (U).nes
nes	OK	Elevator Action (U).nes
nes	OK	Eliminator Boat Duel (U).nes
nes	OK	Evert & Lendl Top Player's Tennis (U).nes
nes	OK	Exodus (U) (V4.0) [!].nes
nes	OK	F-117a Stealth Fighter (U) [!].nes
nes	OK	F-15 City War (U) [a1].nes
nes	OK	F-15 City War (U).nes
nes	OK	F-15 Strike Eagle (U).nes
nes	OK	Family Feud (U).nes
nes	OK	Fantastic Adventures of Dizzy, The (1993 Version) (U).nes
nes	OK	Fantastic Adventures of Dizzy, The (U).nes
nes	OK	Fantasy Zone (U).nes
nes	OK	Faria (U).nes
nes	OK	Faxanadu (U).nes
nes	OK	Felix the Cat (U).nes
nes	OK	Ferrari - Grand Prix Challenge (U) [!].nes
nes	OK	Fester's Quest (U).nes
nes	OK	Fester's Quest (U) (Prototype).nes
nes	OK	Final Fantasy (U) [a1].nes
nes	OK	Final Fantasy (U).nes
nes	OK	Fire Hawk (U) [a1].nes
nes	OK	Fire Hawk (U).nes
nes	OK	Firehouse Rescue (U).nes
nes	OK	Fire 'n Ice (U).nes
nes	OK	Fist of the North Star (U).nes
nes	OK	Flight of the Intruder (U).nes
nes	OK	Flintstones 2 - The Surprise at Dinosaur Peak!, The (U).nes
nes	OK	Flintstones - The Rescue of Dino & Hoppy, The (U).nes
nes	OK	Flying Dragon - The Secret Scroll (U).nes
nes	OK	Flying Warriors (U).nes
nes	OK	Formula One Built To Win (U) [!].nes
nes	OK	Frankenstein - The Monster Returns (U).nes
nes	OK	Freedom Force (U) [!].nes
nes	OK	Free Fall (U) (Prototype) [!].nes
nes	OK	Friday the 13th (U).nes
nes	OK	Fun House (U).nes
nes	OK	Galactic Crusader (Sachen) (U).nes
nes	OK	Galaga (U).nes
nes	OK	Galaxy 5000 (U).nes
nes	OK	Gargoyle's Quest 2 - The Demon Darkness (U).nes
nes	OK	Gauntlet 2 (U).nes
nes	OK	Gauntlet (U).nes
nes	OK	Gemfire (U).nes
nes	OK	Genghis Khan (U).nes
nes	OK	George Foreman's KO Boxing (U).nes
nes	OK	Ghostbusters 2 (U).nes
nes	OK	Ghostbusters (U).nes
nes	OK	Ghosts'n Goblins (U).nes
nes	OK	Ghoul School (U).nes
nes	OK	GI Joe - The Atlantis Factor (U).nes
nes	OK	GI Joe (U).nes
nes	OK	Gilligan's Island (U).nes
nes	OK	Goal! Two (U).nes
nes	OK	Goal! (U).nes
nes	OK	Godzilla 2 - War of the Monsters (U).nes
nes	OK	Godzilla - Monster of Monsters! (U).nes
nes	OK	Gold Medal Challenge '92 (U).nes
nes	OK	Golf Grand Slam (U).nes
nes	OK	Golgo 13 - Top Secret Episode (U).nes
nes	OK	Goonies 2, The (U) [a1].nes
nes	OK	Goonies 2, The (U).nes
nes	OK	Gotcha! (U).nes
nes	OK	Gradius (U).nes
nes	OK	Great Waldo Search, The (U).nes
nes	OK	Greg Norman's Golf Power (U).nes
nes	OK	Gremlins 2 - The New Batch (U).nes
nes	OK	Guardian Legend, The (U).nes
nes	OK	Guerrilla War (U).nes
nes	OK	Gun Nac (U).nes
nes	OK	Gun Smoke (U).nes
nes	OK	Gyruss (U).nes
nes	OK	Harlem Globetrotters (U).nes
nes	OK	Hatris (U).nes
nes	OK	Heavy Barrel (U).nes
nes	OK	Heavy Shreddin' (U).nes
nes	OK	Hero Quest (U) (Prototype) [!].nes
nes	OK	High Speed (U).nes
nes	OK	Hollywood Squares (U).nes
nes	OK	Home Alone 2 - Lost in New York (U).nes
nes	OK	Home Alone (U) [!].nes
nes	OK	Hook (U).nes
nes	OK	Hoops (U).nes
nes	OK	Hudson Hawk (U).nes
nes	OK	Hudson's Adventure Island 2 (U).nes
nes	OK	Hudson's Adventure Island 3 (U).nes
nes	OK	Hudson's Adventure Island (U).nes
nes	OK	Hunt for Red October, The (U).nes
nes	OK	Hydlide (U).nes
nes	OK	I Can Remember (U).nes
nes	OK	Ice Climber (U).nes
nes	OK	Ice Hockey (U).nes
nes	OK	Ikari 3 - The Rescue (U).nes
nes	OK	Ikari Warriors 2 - Victory Road (U).nes
nes	OK	Ikari Warriors (U) (PRG 0).nes
nes	OK	Ikari Warriors (U) (PRG 1) [!].nes
nes	OK	Image Fight (U).nes
nes	OK	Immortal, The (U).nes
nes	OK	Impossible Mission 2 (U).nes
nes	OK	Incredible Crash Dummies, The (U).nes
nes	OK	Indiana Jones and the Last Crusade (Taito) (U).nes
nes	OK	Indiana Jones and the Last Crusade (UBI Soft) (U).nes
nes	OK	Indiana Jones and the Temple of Doom (Tengen) (U).nes
nes	OK	Indiana Jones and the Temple of Doom (U).nes
nes	OK	Infiltrator (U).nes
nes	OK	Ironsword - Wizards & Warriors 2 (U).nes
nes	OK	Iron Tank (U).nes
nes	OK	Isolated Warrior (U).nes
nes	OK	Ivan Ironman Stewart's Super Offroad (U).nes
nes	OK	Jackal (U) [a1].nes
nes	OK	Jackal (U).nes
nes	OK	Jackie Chan's Action Kung Fu (U).nes
nes	OK	Jack Nicklaus' Greatest 18 Holes of Champ. Golf (U).nes
nes	OK	James Bond Jr (U).nes
nes	OK	Jaws (U) [a1].nes
nes	OK	Jaws (U) [a2].nes
nes	OK	Jaws (U) [!].nes
nes	OK	Jeopardy! 25th Anniversary Edition (U).nes
nes	OK	Jeopardy! Junior Edition (U).nes
nes	OK	Jeopardy! (U).nes
nes	OK	Jetsons - Cogswell's Caper!, The (U).nes
nes	OK	Jimmy Connor's Tennis (U).nes
nes	OK	Joe & Mac (U).nes
nes	OK	John Elway's Quarterback (U).nes
nes	OK	Jordan Vs Bird - One On One (U).nes
nes	OK	Joshua (U) (Ver 5.0 CHR 6.0).nes
nes	OK	Joshua (U) (Ver 6.0) [!].nes
nes	OK	Journey to Silius (U).nes
nes	OK	Joust (U).nes
nes	OK	Joypad Test Cartridge (U).nes
nes	OK	Jungle Book, The (U).nes
nes	OK	Jurassic Park (U).nes
nes	OK	Kabuki - Quantum Fighter (U).nes
nes	OK	Karate Champ (U).nes
nes	OK	Karate Kid, The (U).nes
nes	OK	Karnov (U).nes
nes	OK	Kickle Cubicle (U).nes
nes	OK	Kick Master (U).nes
nes	OK	Kid Klown (U).nes
nes	OK	Kid Kool (U).nes
nes	OK	Kid Niki - Radical Ninja (U) (PRG 0).nes
nes	OK	Kid Niki - Radical Ninja (U) (PRG 1) [!].nes
nes	OK	King Neptune's Adventure (U).nes
nes	OK	King of Kings, The (U) (V1.1).nes
nes	OK	King of Kings, The (U) (V1.2) [!].nes
nes	OK	King of Kings, The (U) (V1.3).nes
nes	OK	King of Kings, The (U) (V5.0 CHR 1.3).nes
nes	OK	King's Knight (U).nes
nes	OK	Kings of the Beach (U).nes
nes	OK	King's Quest V (U).nes
nes	OK	Kirby's Adventure (U) (PRG 0).nes
nes	OK	Kirby's Adventure (U) (PRG 1) [!].nes
nes	OK	Kiwi Kraze (U).nes
nes	OK	Klash Ball (U).nes
nes	OK	Klax (U).nes
nes	OK	Knight Rider (U).nes
nes	OK	Krazy Kreatures (U) [a1].nes
nes	OK	Krazy Kreatures (U).nes
nes	OK	Krion Conquest, The (U) [a1].nes
nes	OK	Krion Conquest, The (U).nes
nes	OK	Krusty's Fun House (U).nes
nes	OK	Kung-Fu Heroes (U).nes
nes	OK	Kung Fu (U) [a1].nes
nes	OK	Kung Fu (U).nes
nes	OK	Laser Invasion (U).nes
nes	OK	Last Action Hero (U) [!].nes
nes	OK	Last Ninja, The (U).nes
nes	OK	Last Starfighter, The (U).nes
nes	OK	Lee Trevino's Fighting Golf (U).nes
nes	OK	Legacy of the Wizard (U).nes
nes	OK	Legendary Wings (U).nes
nes	OK	Legend of Kage, The (U).nes
nes	OK	Legend of the Ghost Lion (U).nes
nes	OK	Legend of Zelda, The (U) (PRG 0).nes
nes	OK	Legend of Zelda, The (U) (PRG 1).nes
nes	OK	Legends of the Diamond (U).nes
nes	OK	Lemmings (U).nes
nes	OK	L'Empereur (U) [a1].nes
nes	OK	L'Empereur (U).nes
nes	OK	Lethal Weapon (U).nes
nes	OK	Lifeforce (U).nes
nes	OK	Linus Spacehead's Cosmic Crusade (Aladdin) (U).nes
nes	OK	Little League Baseball - Championship Series (U).nes
nes	OK	Little Mermaid, The (U).nes
nes	OK	Little Nemo - The Dream Master (U).nes
nes	OK	Little Ninja Brothers (U).nes
nes	OK	Little Samson (U).nes
nes	HANG	Lode Runner (U).nes
nes	OK	Lone Ranger, The (U).nes
nes	OK	Loopz (U).nes
nes	OK	Low G Man (U).nes
nes	OK	Lunar Pool (U).nes
nes	OK	Mad Max (U) [!].nes
nes	OK	Mafat Conspiracy - Golgo 13 (U).nes
nes	OK	Magic Darts (U).nes
nes	OK	Magician (U).nes
nes	OK	Magician (U) (Prototype).nes
nes	OK	Magic Johnson's Fast Break (U).nes
nes	OK	Magic of Scheherazade, The (U).nes
nes	OK	Magmax (U).nes
nes	OK	Magmax (U) (Prototype).nes
nes	OK	Major League Baseball (U) [a1].nes
nes	OK	Major League Baseball (U).nes
nes	OK	Maniac Mansion (U).nes
nes	OK	Mappy-Land (U).nes
nes	OK	Marble Madness (U).nes
nes	OK	Mario is Missing! (U).nes
nes	OK	Mario's Time Machine! (U) [a1].nes
nes	OK	Mario's Time Machine! (U).nes
nes	OK	Marvel's X-Men (U) [a1].nes
nes	OK	Marvel's X-Men (U).nes
nes	OK	Master Chu & The Drunkard Hu (U).nes
nes	OK	Maxi 15 (U) [a1].nes
nes	OK	Maxi 15 (U).nes
nes	OK	MC Kids (U).nes
nes	OK	Mechanized Attack (U).nes
nes	OK	Mega Man 2 (U).nes
nes	OK	Mega Man 3 (Prototype) (U) [!].nes
nes	OK	Mega Man 3 (U) [!].nes
nes	OK	Mega Man 4 (U).nes
nes	OK	Mega Man 5 (U).nes
nes	OK	Mega Man 6 (U).nes
nes	OK	Mega Man (U).nes
nes	OK	Menace Beach (U).nes
nes	OK	Mendel Palace (U).nes
nes	OK	Mermaids of Atlantis (U).nes
nes	OK	Metal Fighter (U) [a1].nes
nes	OK	Metal Fighter (U).nes
nes	OK	Metal Gear (U).nes
nes	OK	Metal Mech (U).nes
nes	OK	Metal Storm (U).nes
nes	OK	Metroid (U).nes
nes	OK	Michael Andretti's World Grand Prix (U).nes
nes	OK	Mickey Mousecapade (U).nes
nes	OK	Mickey's Adventures in Numberland (U).nes
nes	OK	Mickey's Safari in Letterland (U).nes
nes	OK	Micro Machines (U).nes
nes	OK	Mig-29 Soviet Fighter (U).nes
nes	OK	Might and Magic (U).nes
nes	OK	Mighty Bomb Jack (U).nes
nes	OK	Mighty Final Fight (U).nes
nes	OK	Mike Tyson's Punch-Out!! (U) (PRG 0).nes
nes	OK	Mike Tyson's Punch-Out!! (U) (PRG 1).nes
nes	OK	Millipede (U).nes
nes	OK	Milon's Secret Castle (U).nes
nes	OK	Miracle Piano Teaching System, The (U).nes
nes	OK	Mission Cobra (U).nes
nes	OK	Mission Impossible (U).nes
nes	OK	Monopoly (U).nes
nes	OK	Monster in My Pocket (U).nes
nes	OK	Monster Party (U).nes
nes	OK	Monster Truck Rally (U).nes
nes	OK	Moon Ranger (U).nes
nes	OK	Motor City Patrol (U).nes
nes	OK	Ms Pac-Man (Namco) (U).nes
nes	OK	Ms Pac-Man (U).nes
nes	OK	M.U.L.E. (U).nes
nes	OK	Muppet Adventure - Chaos at the Carnival (U).nes
nes	HANG	M.U.S.C.L.E. (U).nes
nes	OK	Mutant Virus, The (U).nes
nes	OK	Mystery Quest (U).nes
nes	OK	NARC (U).nes
nes	OK	NES Open Tournament Golf (U) [a1].nes
nes	OK	NES Open Tournament Golf (U).nes
nes	OK	NES Play Action Football (U).nes
nes	OK	NES PowerPad Test Cart (U) [!].nes
nes	OK	NES Test Cart (Official Nintendo) (U) [!].nes
nes	OK	NFL Football (U).nes
nes	OK	Nigel Mansell's World Championship Challenge (U).nes
nes	OK	Nightmare On Elm Street, A (U).nes
nes	OK	Nightshade (U) [a1].nes
nes	OK	Nightshade (U).nes
nes	OK	Ninja Crusaders (U).nes
nes	OK	Ninja Gaiden 2 - The Dark Sword of Chaos (U).nes
nes	OK	Ninja Gaiden 2 - The Dark Sword of Chaos (U) (Prototype).nes
nes	OK	Ninja Gaiden 3 - The Ancient Ship of Doom (U).nes
nes	OK	Ninja Gaiden (U) [a1].nes
nes	OK	Ninja Gaiden (U) [a2].nes
nes	OK	Ninja Gaiden (U).nes
nes	OK	Ninja Kid (U).nes
nes	OK	Nintendo World Championships 1990 (U) [!].nes
nes	OK	Nintendo World Cup (U).nes
nes	OK	Nobunaga's Ambition 2 (U).nes
nes	OK	Nobunaga's Ambition (U).nes
nes	OK	North & South (U).nes
nes	OK	Operation Secret Storm (U).nes
nes	OK	Operation Wolf (U).nes
nes	OK	Orb 3D (U).nes
nes	OK	Othello (U).nes
nes	OK	Overlord (U).nes
nes	OK	Pacmania (U).nes
nes	OK	Pac-Man (Tengen) (U) [!].nes
nes	OK	Pac-Man (U) (Namco).nes
nes	OK	Pac-Man (U) [!].nes
nes	OK	Palamedes (U).nes
nes	OK	Panic Restaurant (U).nes
nes	OK	Paperboy 2 (U).nes
nes	OK	Paperboy (U).nes
nes	OK	Perfect Fit (U).nes
nes	OK	Pesterminator (U).nes
nes	OK	Peter Pan & The Pirates (U).nes
nes	OK	Phantom Fighter (U).nes
nes	OK	Pictionary (U).nes
nes	OK	Pinball Quest (U) [a1].nes
nes	OK	Pinball Quest (U).nes
nes	OK	Pinbot (U).nes
nes	OK	Pipe Dream (U).nes
nes	OK	Pirates! (U).nes
nes	OK	Platoon (U) (PRG 0).nes
nes	OK	Platoon (U) (PRG 1) [!].nes
nes	OK	Port Test Cartridge (U).nes
nes	OK	Power Blade 2 (U).nes
nes	OK	Power Blade (U) [!].nes
nes	OK	Power Punch 2 (U).nes
nes	OK	POW - Prisoners of War (U).nes
nes	OK	P'radikus Conflict (U).nes
nes	OK	Predator (U).nes
nes	OK	Prince of Persia (U) [a1].nes
nes	OK	Prince of Persia (U) [a2].nes
nes	OK	Prince of Persia (U).nes
nes	OK	Princess Tomato in Salad Kingdom (U).nes
nes	OK	Pro Action Replay (No Cart Present) (U) [!].nes
nes	OK	Pro Action Replay (Rev B) (U) [!].nes
nes	OK	Pro Sport Hockey (U).nes
nes	OK	Pro Wrestling (U).nes
nes	OK	Punch-Out!! (U).nes
nes	OK	Punisher, The (U).nes
nes	OK	Puss 'n Boots - Pero's Great Adventure (U).nes
nes	OK	Puzzle (U) [a1].nes
nes	OK	Puzzle (U) [a2].nes
nes	OK	Puzzle (U) [a3].nes
nes	OK	Puzzle (U).nes
nes	OK	Puzznic (U).nes
nes	OK	Pyramid (U) (Sachen-Hacker).nes
nes	OK	Pyramid (U) (Sachen).nes
nes	OK	Q-bert (U).nes
nes	OK	Qix (U).nes
nes	OK	Quattro Adventure (Aladdin) (U).nes
nes	OK	Quattro Adventure (U).nes
nes	OK	Quattro Arcade (U).nes
nes	OK	Quattro Sports (Aladdin) (U).nes
nes	OK	Quattro Sports (U).nes
nes	OK	Quattro Sports (V3 Plug-Thru Cart) (U).nes
nes	OK	Race America (U).nes
nes	OK	Racket Attack (U).nes
nes	OK	Rad Racer 2 (U) [!].nes
nes	OK	Rad Racer (U).nes
nes	OK	Rad Racket - Deluxe Tennis 2 (U) [a1].nes
nes	OK	Rad Racket - Deluxe Tennis 2 (U) [!].nes
nes	OK	Raid 2020 (U) [!].nes
nes	OK	Raid on Bungeling Bay (U) [a2].nes
nes	OK	Raid on Bungeling Bay (U).nes
nes	OK	Rainbow Islands - The Story of Bubble Bobble 2 (U).nes
nes	OK	Rally Bike (U).nes
nes	OK	Rambo (U).nes
nes	OK	Rampage (U).nes
nes	OK	Rampart (U).nes
nes	OK	RBI Baseball 2 (U).nes
nes	OK	RBI Baseball 3 (U).nes
nes	OK	RBI Baseball (U).nes
nes	OK	RC Pro-Am 2 (U).nes
nes	OK	RC Pro-Am (U) (PRG 1).nes
nes	OK	Remote Control (U).nes
nes	OK	Renegade (U).nes
nes	OK	Ren & Stimpy Show, The (U).nes
nes	OK	Rescue - The Embassy Mission (U).nes
nes	OK	Ring King (U).nes
nes	OK	River City Ransom (U).nes
nes	OK	RoadBlasters (U).nes
nes	OK	Road Runner (U).nes
nes	OK	Robin Hood - Prince of Thieves (U).nes
nes	OK	Robocop 2 (U).nes
nes	OK	Robocop 3 (U).nes
nes	OK	Robocop (U).nes
nes	OK	Robocop Vs The Terminator (Prototype) (U) [a1].nes
nes	OK	Robocop Vs The Terminator (Prototype) (U).nes
nes	OK	Robodemons (U).nes
nes	OK	Robo Warrior (U).nes
nes	OK	Rocketeer, The (U).nes
nes	OK	Rocket Ranger (U) [!].nes
nes	OK	Rockin' Kats (U) [!].nes
nes	OK	Rock 'n' Ball (U).nes
nes	OK	Roger Clemens MVP Baseball (U).nes
nes	OK	Rollerball (U).nes
nes	OK	Rollerblade Racer (U).nes
nes	OK	Rollergames (U) [!].nes
nes	OK	Rolling Thunder (U).nes
nes	OK	Romance of the Three Kingdoms 2 (U) [!].nes
nes	OK	Romance of the Three Kingdoms (U).nes
nes	OK	Roundball - 2-on-2 Challenge (U).nes
nes	OK	Rush'n Attack (U).nes
nes	OK	Rygar (U).nes
nes	OK	SCAT - Special Cybernetic Attack Team (U).nes
nes	HANG	Secret Scout (U).nes
nes	OK	Section Z (U).nes
nes	OK	Seicross (U).nes
nes	OK	Sesame Street 123 (U).nes
nes	OK	Sesame Street ABC - 123 (U).nes
nes	OK	Sesame Street ABC (U) [a1].nes
nes	OK	Sesame Street ABC (U) [a2].nes
nes	OK	Sesame Street ABC (U).nes
nes	OK	Sesame Street Countdown (U).nes
nes	OK	Shadowgate (U).nes
nes	OK	Shadow of the Ninja (U).nes
nes	OK	Shatterhand (U).nes
nes	OK	Shingen The Ruler (U) [a1].nes
nes	OK	Shingen The Ruler (U).nes
nes	OK	Shinobi (U).nes
nes	OK	Shockwave (U).nes
nes	OK	Shooting Range (U).nes
nes	OK	Short Order - Eggsplode (U).nes
nes	OK	Side Pocket (U).nes
nes	OK	Silent Assault (U).nes
nes	OK	Silent Service (U) [a1].nes
nes	OK	Silent Service (U).nes
nes	OK	Silk Worm (U).nes
nes	OK	Silver Surfer (U).nes
nes	OK	Simpsons - Bartman Meets Radioactive Man, The (U).nes
nes	OK	Simpsons - Bart Vs the Space Mutants, The (U).nes
nes	OK	Simpsons - Bart Vs the World, The (U).nes
nes	OK	Skate or Die 2 - The Search for Double Trouble (U).nes
nes	OK	Skate or Die! (U) [a1].nes
nes	OK	Skate or Die! (U).nes
nes	OK	Ski or Die (U).nes
nes	OK	Skull & Crossbones (U).nes
nes	OK	Sky Kid (U).nes
nes	OK	Sky Shark (U).nes
nes	OK	Slalom (U).nes
nes	OK	Smash TV (U) [!].nes
nes	OK	Snake Rattle'n Roll (U).nes
nes	OK	Snake's Revenge (U).nes
nes	OK	Snoopy's Silly Sports Spectacular (U).nes
nes	OK	Snow Bros (U).nes
nes	OK	Solar Jetman - Hunt for the Golden Warpship (U).nes
nes	OK	Solitaire (U).nes
nes	OK	Solomon's Key (U) [!].nes
nes	OK	Solstice (U) [a1].nes
nes	OK	Solstice (U).nes
nes	OK	Space Shuttle Project (U).nes
nes	OK	Spelunker (U) [!].nes
nes	OK	Spider-Man - Return of the Sinister Six (U) [!].nes
nes	OK	Spiritual Warfare (U) (Ver 6.0).nes
nes	OK	Spiritual Warfare (U) (Ver 6.1).nes
nes	OK	Spot (U).nes
nes	OK	Spy Hunter (U).nes
nes	OK	Spy Vs Spy (U).nes
nes	OK	Sqoon (U).nes
nes	OK	Stadium Events (U).nes
nes	OK	Stanley - The Search for Dr Livingston (U).nes
nes	OK	Star Force (U).nes
nes	OK	Starship Hector (U).nes
nes	OK	Star Soldier (U).nes
nes	OK	Star Trek - 25th Anniversary (U).nes
nes	OK	Star Trek - The Next Generation (U).nes
nes	OK	Startropics 2 - Zoda's Revenge (U) [a1].nes
nes	OK	Startropics 2 - Zoda's Revenge (U).nes
nes	OK	Startropics (U).nes
nes	OK	Star Voyager (U).nes
nes	OK	Star Wars - The Empire Strikes Back (U).nes
nes	OK	Star Wars (U).nes
nes	OK	Stealth ATF (U).nes
nes	OK	Stinger (U).nes
nes	OK	Street Cop (U).nes
nes	OK	Street Fighter 2010 (U).nes
nes	OK	Strider (U).nes
nes	OK	Stunt Kids (U).nes
nes	OK	Sunday Funday (U).nes
nes	OK	Super Cars (U).nes
nes	OK	Super C (U).nes
nes	OK	Super Dodge Ball (U).nes
nes	OK	Super Glove Ball (U).nes
nes	OK	Super Jeopardy! (U).nes
nes	OK	Superman (U).nes
nes	OK	Super Mario Bros 2 (U) (PRG 0).nes
nes	OK	Super Mario Bros 2 (U) (PRG 1).nes
nes	OK	Super Mario Bros 3 (U) (PRG 0).nes
nes	OK	Super Mario Bros 3 (U) (PRG 1) [a1].nes
nes	OK	Super Mario Bros 3 (U) (PRG 1) [a2].nes
nes	OK	Super Mario Bros 3 (U) (PRG 1) [a3].nes
nes	OK	Super Mario Bros 3 (U) (PRG 1).nes
nes	OK	Super Mario Bros - Duck Hunt - Track Meet (U).nes
nes	OK	Super Mario Bros - Duck Hunt (U).nes
nes	OK	Super Pitfall (U).nes
nes	OK	Super Spike V'Ball - Nintendo World Cup (U) [!].nes
nes	OK	Super Spike V'Ball (U).nes
nes	OK	Super Sprint (U).nes
nes	OK	Super Spy Hunter (U).nes
nes	OK	Super Team Games (U).nes
nes	OK	Swamp Thing (U) [!].nes
nes	OK	Sword Master (U).nes
nes	OK	Swords and Serpents (U) [a1].nes
nes	OK	Swords and Serpents (U).nes
nes	OK	Taboo - The Sixth Sense (U).nes
nes	OK	Tagin' Dragon (U).nes
nes	OK	Tag Team Wrestling (U).nes
nes	OK	TaleSpin (U).nes
nes	OK	Target Renegade (U).nes
nes	OK	T&C 2 - Thrilla's Surfari (U).nes
nes	OK	T&C Surf Design (U).nes
nes	OK	Tecmo Baseball (U).nes
nes	OK	Tecmo Bowl (U) (PRG 0).nes
nes	OK	Tecmo Bowl (U) (PRG 1).nes
nes	OK	Tecmo Bowl (U) (Prototype).nes
nes	OK	Tecmo Cup - Soccer Game (U) [a1].nes
nes	OK	Tecmo Cup - Soccer Game (U).nes
nes	OK	Tecmo NBA Basketball (U).nes
nes	OK	Tecmo Super Bowl (U).nes
nes	OK	Tecmo World Wrestling (U).nes
nes	OK	Teenage Mutant Ninja Turtles 2 (U).nes
nes	OK	Teenage Mutant Ninja Turtles 3 (U).nes
nes	OK	Teenage Mutant Ninja Turtles Tournament Fighters (U).nes
nes	OK	Teenage Mutant Ninja Turtles (U).nes
nes	OK	Terminator 2 - Judgement Day (U).nes
nes	OK	Terminator 2 - Judgement Day (U) (Prototype).nes
nes	OK	Terminator, The (U).nes
nes	OK	Terra Cresta (U).nes
nes	OK	Tetris 2 (U) [!].nes
nes	OK	Tetris (U) [!].nes
nes	OK	Three Stooges (U).nes
nes	OK	Three Stooges (U) (Prototype).nes
nes	OK	Thunderbirds (U).nes
nes	OK	Thundercade (U).nes
nes	OK	Thunder & Lightning (U).nes
nes	OK	Tiger-Heli (U).nes
nes	OK	Tiles of Fate (U).nes
nes	OK	Time Lord (U).nes
nes	OK	Times of Lore (U).nes
nes	OK	Tiny Toon Adventures 2 - Trouble in Wackyland (U).nes
nes	OK	Tiny Toon Adventures Cartoon Workshop (U).nes
nes	OK	Tiny Toon Adventures (U).nes
nes	OK	Toki (U).nes
nes	OK	Tombs and Treasure (U).nes
nes	OK	Tom & Jerry (and Tuffy) (U).nes
nes	OK	Toobin (U) [a1].nes
nes	OK	Toobin (U).nes
nes	OK	Top Gun - The Second Mission (U).nes
nes	OK	Top Gun (U).nes
nes	OK	Totally Rad (U).nes
nes	OK	Total Recall (U).nes
nes	OK	To The Earth (U).nes
nes	OK	Touch Down Fever (U).nes
nes	OK	Toxic Crusaders (U).nes
nes	OK	Track & Field 2 (U).nes
nes	OK	Track & Field (U).nes
nes	OK	Treasure Master (U).nes
nes	OK	Trog (U).nes
nes	OK	Trojan (U) [a1].nes
nes	OK	Trojan (U).nes
nes	OK	Trolls on Treasure Island (U) [a1].nes
nes	OK	Trolls on Treasure Island (U).nes
nes	OK	Twin Cobra (U).nes
nes	OK	Twin Eagle (U).nes
nes	OK	U-Force Test Cartridge (U).nes
nes	OK	Ultima - Exodus (U).nes
nes	OK	Ultima - Quest of the Avatar (U).nes
nes	OK	Ultimate Air Combat (U).nes
nes	OK	Ultimate Basketball (U).nes
nes	OK	Ultimate League Soccer (U).nes
nes	EXIT134	Ultimate Stuntman (U).nes
nes	OK	Ultima - Warriors of Destiny (U).nes
nes	OK	Uncharted Waters (U).nes
nes	OK	Uninvited (U).nes
nes	OK	Untouchables, The (U).nes
nes	OK	Vegas Dream (U).nes
nes	OK	Venice Beach Volleyball (U).nes
nes	OK	Vice - Project Doom (U).nes
nes	OK	Videomation (U).nes
nes	OK	Vindicators (U).nes
nes	OK	Volleyball (U).nes
nes	OK	Wacky Races (U).nes
nes	OK	Wall Street Kid (U) [a1].nes
nes	OK	Wall Street Kid (U) [a2].nes
nes	OK	Wall Street Kid (U).nes
nes	OK	Wally Bear and the No Gang (U).nes
nes	OK	Wario's Woods (U).nes
nes	OK	Wayne Gretzky Hockey (U).nes
nes	OK	Wayne's World (U).nes
nes	OK	WCW World Championship Wrestling (U).nes
nes	OK	Werewolf - The Last Warrior (U).nes
nes	OK	Wheel of Fortune Family Edition (U).nes
nes	OK	Wheel of Fortune Junior Edition (U).nes
nes	OK	Wheel of Fortune - Starring Vanna White (U).nes
nes	OK	Wheel of Fortune (U).nes
nes	OK	Where in Time is Carmen Sandiego (U).nes
nes	OK	Where's Waldo (U).nes
nes	OK	Who Framed Roger Rabbit (U) [a1].nes
nes	OK	Who Framed Roger Rabbit (U).nes
nes	OK	Whomp'Em (U).nes
nes	OK	Widget (U).nes
nes	OK	Wild Gunman (U) [!].nes
nes	OK	Wild Gunman (U).nes
nes	OK	Willow (U).nes
nes	OK	Win, Lose or Draw (U).nes
nes	OK	Winter Games (U).nes
nes	OK	Wizardry - Proving Grounds of the Mad Overlord (U).nes
nes	OK	Wizardry - The Knight of Diamonds (U).nes
nes	OK	Wizards & Warriors 3 (U).nes
nes	OK	Wizards & Warriors (U).nes
nes	OK	Wolverine (U).nes
nes	OK	World Champ (U) [!].nes
nes	OK	World Class Track Meet (U).nes
nes	OK	World Games (U).nes
nes	OK	Wrath of the Black Manta (U).nes
nes	OK	Wurm (U).nes
nes	OK	WWF King of the Ring (U).nes
nes	OK	WWF Steel Cage Challenge (U).nes
nes	OK	WWF Wrestlemania Challenge (U).nes
nes	OK	WWF Wrestlemania (U).nes
nes	HANG	Xenophobe (U).nes
nes	OK	Xevious (U).nes
nes	OK	Xexyz (U).nes
nes	OK	Yo! Noid (U).nes
nes	OK	Yoshi's Cookie (U).nes
nes	OK	Yoshi (U).nes
nes	OK	Young Indiana Jones Chronicles, The (U).nes
nes	OK	Zanac (U).nes
nes	OK	Zelda 2 - The Adventure of Link (U).nes
nes	OK	Zen Intergalactic Ninja (U).nes
nes	OK	Zombie Nation (U).nes
snes	OK	3 Ninjas Kick Back (U).zip
snes	OK	7th Saga, The (U) [!].zip
snes	OK	AAAHH!!! Real Monsters (U) [!].zip
snes	OK	ACME Animation Factory (U).zip
snes	OK	ActRaiser 2 (U) [!].zip
snes	OK	ActRaiser (U) [!].zip
snes	OK	Addams Family, The - Pugsley's Scavenger Hunt (U).zip
snes	OK	Addams Family, The (U) [!].zip
snes	OK	Addams Family Values (U) [!].zip
snes	OK	Adventures of Batman & Robin, The (U).zip
snes	OK	Adventures of Dr. Franken, The (U).zip
snes	OK	Adventures of Kid Kleets, The (U) [!].zip
snes	OK	Aero the Acro-Bat 2 (U).zip
snes	OK	Aero the Acro-Bat (U) [!].zip
snes	OK	Aladdin (U) [!].zip
snes	OK	American Gladiators (U).zip
snes	OK	Animaniacs (U) [!].zip
snes	OK	Art of Fighting (U).zip
snes	OK	Axelay (U) [!].zip
snes	OK	Bahamut Lagoon (ENG) # SNES.zip
snes	OK	Ballz 3D (U) [!].zip
snes	OK	Bassin's Black Bass (U).zip
snes	OK	Bass Masters Classic - Pro Edition (U) [!].zip
snes	OK	Bass Masters Classic (U).zip
snes	OK	Batman Forever (U) [!].zip
snes	OK	Batman Returns (U) [!].zip
snes	OK	Battle Cars (U) [!].zip
snes	OK	Battle Clash (U) [!].zip
snes	OK	Battletoads & Double Dragon - The Ultimate Team (U) [!].zip
snes	OK	Beauty and the Beast (U).zip
snes	OK	Beavis and Butt-head (U) [!].zip
snes	OK	Biker Mice From Mars (U) [!].zip
snes	OK	Bill Walsh College Football (U) [!].zip
snes	OK	Blackthorne (U) [!].zip
snes	OK	B.O.B. (U) [!].zip
snes	OK	Bonkers (U).zip
snes	OK	Boogerman - A Pick and Flick Adventure (U) [!].zip
snes	OK	Boxing Legends of the Ring (U).zip
snes	OK	Brain Lord (U) [!].zip
snes	HANG	Bram Stoker's Dracula (U).zip
snes	OK	Brandish (U) [!].zip
snes	OK	Brawl Brothers (U) [!].zip
snes	OK	Breath of Fire II (U) [!].zip
snes	OK	Breath of Fire (U) [!].zip
snes	OK	Brett Hull Hockey '95 (U).zip
snes	OK	Brett Hull Hockey (U) [!].zip
snes	OK	Brunswick World Tournament of Champions (U).zip
snes	OK	Brutal - Paws of Fury (U).zip
snes	OK	Bubsy II (U).zip
snes	OK	Bubsy in Claws Encounters of the Furred Kind (U) [!].zip
snes	OK	Bugs Bunny - Rabbit Rampage (U) [!].zip
snes	OK	Cannondale Cup (U) [!].zip
snes	OK	Capcom's Soccer Shootout (U).zip
snes	OK	Captain America and The Avengers (U).zip
snes	OK	Captain Commando (U).zip
snes	OK	Carrier Aces (U).zip
snes	OK	Castlevania - Dracula X (U) [!].smc
snes	OK	Castlevania - Dracula X (U) [!].zip
snes	OK	Chester Cheetah - Wild Wild Quest (U) (59734).zip
snes	OK	Chrono Trigger (U) [!].zip
snes	OK	Civilization (U) [!].zip
snes	OK	Clay Fighter 2 - Judgment Clay (U) [!].zip
snes	OK	Clay Fighter - Tournament Edition (U).zip
snes	OK	Clay Fighter (U) [!].zip
snes	OK	Claymates (U) [!].zip
snes	OK	College Football USA '97 - The Road to New Orleans (U) [!].zip
snes	OK	College Slam Basketball (U) [!].zip
snes	OK	Combatribes, The (U).zip
snes	OK	Contra III - The Alien Wars (U) [!].smc
snes	OK	Contra III - The Alien Wars (U) [!].zip
snes	OK	Cool Spot (U) [!].zip
snes	OK	Cool World (U) [!].zip
snes	OK	Cutthroat Island (U) [!].zip
snes	OK	Cybernator (U).zip
snes	OK	Dai 3 Ji - Super Robot Taisen (ENG) # SNES.zip
snes	OK	Death and Return of Superman, The (U).smc
snes	OK	Death and Return of Superman, The (U).zip
snes	OK	Demolition Man (U).zip
snes	OK	Demon's Crest (U) [!].zip
snes	OK	Dennis the Menace (U).zip
snes	OK	Donkey Kong Country 2 - Diddy's Kong Quest (U) (V1.1) [!].zip
snes	OK	Donkey Kong Country 3 - Dixie Kong's Double Trouble (U) [!].zip
snes	OK	Donkey Kong Country - Competition Cartridge (U).zip
snes	OK	Donkey Kong Country (U) (V1.2) [!].zip
snes	OK	Doomsday Warrior (U) [!].zip
snes	OK	Doom (U) [!].zip
snes	OK	Double Dragon V - The Shadow Falls (U).smc
snes	OK	Double Dragon V - The Shadow Falls (U).zip
snes	OK	Dragon-Ball Z - Hyper Dimension (ENG) # SNES.zip
snes	OK	Dragon-Ball Z - Super Butouden 3 (ENG) # SNES.zip
snes	HANG	Dragon-Ball Z - Super Butouden (ENG) # SNES.zip
snes	OK	Dragon-Ball-Z - Super Gokuden 2 (ENG) # SNES.zip
snes	OK	Dragon-Ball Z - Super Gokuden Totsugeki Hen (ENG) # SNES.zip
snes	OK	Dragon-Ball Z - Super Saiyan Densetsu (ENG) # SNES.zip
snes	OK	Dragon Quest 1 and 2 (ENG) # SNES.zip
snes	OK	Dragon Quest 5 - Tenkuu no Hanayome (ENG) # SNES.zip
snes	OK	Dragon Quest 6 - Maboroshi no Daichi (ENG) # SNES.zip
snes	OK	Dragon - The Bruce Lee Story (U).zip
snes	OK	Dragon View (U) [!].zip
snes	OK	Dual Orb 2 (ENG) # SNES.zip
snes	OK	Earthbound (U) [!].zip
snes	OK	Earthworm Jim 2 (U) [!].zip
snes	OK	Earthworm Jim (U) [!].zip
snes	OK	Eek! The Cat (U).zip
snes	OK	Elite Soccer (U).zip
snes	OK	ESPN Baseball Tonight (U) (29611).zip
snes	OK	ESPN National Hockey Night (U).zip
snes	OK	ESPN Speedworld (U).zip
snes	OK	ESPN Sunday Night NFL (U).zip
snes	OK	E.V.O. Search for Eden (U).zip
snes	OK	F1 ROC II - Race of Champions (U).zip
snes	OK	Fatal Fury 2 (U).zip
snes	OK	Fatal Fury Special (U).zip
snes	OK	Fatal Fury (U).zip
snes	OK	Feda - the Emblem of Justice (ENG) # SNES.zip
snes	OK	FIFA 97 - Gold Edition (U) [!].zip
snes	OK	FIFA Soccer 96 (U) [!].zip
snes	OK	Fighter's History (U).zip
snes	OK	Final Fantasy 4 - 10th Anniversary Edition (ENG) # SNES.zip
snes	OK	Final Fantasy 6 (ENG) # SNES.zip
snes	OK	Final Fantasy III (U) (V1.1) [!].zip
snes	OK	Final Fight 2 (U).zip
snes	OK	Final Fight 3 (U).zip
snes	OK	Flashback - The Quest for Identity (U) [!].zip
snes	OK	Flintstones, The - The Treasure of Sierra Madrock (U).zip
snes	OK	Flintstones, The (U).zip
snes	OK	Foreman For Real (U) [!].zip
snes	OK	Frank Thomas' Big Hurt Baseball (U) [!].zip
snes	OK	Frantic Flea (U) [!].zip
snes	OK	Front Mission - Gun Hazard (ENG) # SNES.zip
snes	OK	Full Throttle Racing (U).zip
snes	OK	Fun 'N Games (U).zip
snes	OK	Gamars Puzzle (Unl).zip
snes	OK	George Foreman's KO Boxing (U) (V1.1).zip
snes	OK	Ghoul Patrol (U).zip
snes	OK	GP-1 Part II (U).zip
snes	OK	Great Circus Mystery Starring Mickey & Minnie, The (U).zip
snes	OK	Hagane (U).zip
snes	OK	HAL's Hole in One Golf (U) [!].zip
snes	OK	Hammerlock Wrestling (U).zip
snes	OK	Hardball III (U) [!].zip
snes	OK	Harvest Moon (U).zip
snes	OK	Head-On Soccer (U).zip
snes	OK	Home Improvement (U) [!].zip
snes	OK	Hurricanes, The (U).zip
snes	OK	Illusion of Gaia (U) [!].zip
snes	OK	Incredible Crash Dummies, The (U) [!].zip
snes	OK	Incredible Hulk, The (U).zip
snes	OK	Indiana Jones' Greatest Adventures (U) [!].zip
snes	OK	International Superstar Soccer Deluxe (U).zip
snes	OK	International Superstar Soccer (U) [!].zip
snes	OK	International Tennis Tour (U).zip
snes	OK	Izzy's Quest for the Olympic Rings (U) [!].zip
snes	OK	Jammit (U).zip
snes	OK	Jim Lee's WildC.A.T.S (U).zip
snes	OK	Jimmy Houston's Bass Tournament U.S.A. (U) [!].zip
snes	OK	Jim Power - The Lost Dimension in 3D (U) [!].zip
snes	OK	Joe & Mac 2 - Lost in the Tropics (U).zip
snes	OK	JRR Tolkien's The Lord of the Rings - Volume 1 (U) [!].zip
snes	OK	Judge Dredd (U) [!].zip
snes	OK	Jungle Book, The (U).zip
snes	OK	Jungle Strike (U) [!].zip
snes	OK	Jurassic Park Part 2 - The Chaos Continues (U) [!].zip
snes	OK	Jurassic Park (U) (V1.1).zip
snes	OK	Justice League Task Force (U).zip
snes	OK	Kawasaki Caribbean Challenge (U) [!].zip
snes	OK	Ken Griffey Jr. Presents Major League Baseball (U).zip
snes	OK	Ken Griffey Jr.'s Winning Run (U) [!].zip
snes	OK	Kid Klown in Crazy Chase (U) [!].zip
snes	OK	Killer Instinct (U) (V1.1) [!].zip
snes	OK	King Arthur & The Knights of Justice (U) [!].zip
snes	OK	King of Dragons, The (U) [!].zip
snes	OK	King of the Monsters 2 (U) [!].zip
snes	OK	Kirby's Dream Land 3 (U).zip
snes	OK	Kirby Super Star (U) [!].zip
snes	OK	Knights of the Round (U).zip
snes	OK	Kyle Petty's No Fear Racing (U).zip
snes	OK	Legend of The Mystical Ninja, The (U) [!].zip
snes	OK	Legend of Zelda, The - A Link to the Past (U) [!].zip
snes	OK	Legend (U) (16725).zip
snes	OK	Lemmings 2 - The Tribes (U).zip
snes	OK	Lethal Enforcers (U).zip
snes	OK	Liberty or Death (U) [!].zip
snes	OK	Lion King, The (U).zip
snes	OK	Looney Tunes B-Ball (U).zip
snes	OK	Lost Vikings II, The (U) [!].zip
snes	OK	Lost Vikings, The (U) [!].zip
snes	OK	Lufia II - Rise of the Sinistrals (U).zip
snes	OK	Lufia & The Fortress of Doom (U) [!].zip
snes	OK	Madden NFL '94 (U) [!].zip
snes	OK	Madden NFL '95 (U) [!].zip
snes	OK	Madden NFL '96 (U) [!].zip
snes	OK	Madden NFL '97 (U) [!].zip
snes	OK	Madden NFL '98 (U).zip
snes	OK	Magical Quest Starring Mickey Mouse, The (U) [!].zip
snes	OK	Magic Johnson's Super Slam Dunk (U).zip
snes	OK	Mario is Missing! (U).zip
snes	OK	Mario's Early Years - Fun With Letters (U).zip
snes	OK	Mario's Early Years - Fun With Numbers (U).zip
snes	OK	Mario's Early Years - Preschool Fun (U).zip
snes	OK	Mario's Time Machine (U) [!].zip
snes	OK	Mark Davis' The Fishing Master (U) [!].zip
snes	OK	Marvel Super Heroes - War of the Gems (U).zip
snes	OK	Mary Shelley's Frankenstein (U).zip
snes	OK	Mask, The (U).zip
snes	OK	Maui Mallard in Cold Shadow (U).zip
snes	OK	Mechwarrior 3050 (U) [!].zip
snes	OK	Mechwarrior (U) [!].zip
snes	OK	Mega Man VII (U).zip
snes	OK	Mega Man X 2 (U) [!].zip
snes	OK	Mega Man X 3 (U) [!].zip
snes	OK	Mega Man X (U) (V1.1) [!].zip
snes	OK	Metal Combat - Falcon's Revenge (U) [!].zip
snes	OK	Metal Marines (U).zip
snes	OK	Metal Morph (U).zip
snes	OK	Metal Warriors (U).zip
snes	OK	Michael Andretti's Indy Car Challenge (U).zip
snes	OK	Michael Jordan - Chaos in the Windy City (U) [!].zip
snes	OK	Mickey Mania (U) [!].zip
snes	OK	Mickey's Playtown Adventure - A Day of Discovery! (U).zip
snes	OK	Might and Magic III - Isles of Terra (U).zip
snes	OK	Mighty Max (U).zip
snes	OK	Mighty Morphin Power Rangers - The Fighting Edition (U).zip
snes	OK	Mighty Morphin Power Rangers - The Movie (U).zip
snes	OK	Mighty Morphin Power Rangers (U).zip
snes	OK	MLBPA Baseball (U) [!].zip
snes	OK	MoHawk & Headphone Jack (U) [!].zip
snes	OK	Monstania (ENG) # SNES.zip
snes	OK	Mortal Kombat III (U) [!].zip
snes	OK	Mortal Kombat II (U) (V1.1).smc
snes	OK	Mortal Kombat II (U) (V1.1).zip
snes	OK	Mortal Kombat I (U) [!].zip
snes	OK	Mortal Kombat (U) [!].smc
snes	OK	Mountain Bike Rally (U) [!].zip
snes	OK	Mr. Nutz (U).zip
snes	OK	Mutant Chronicles - Doom Troopers (U) [!].zip
snes	OK	Natsume Championship Wrestling (U) [!].zip
snes	OK	NBA Give 'N Go (U).zip
snes	OK	NBA Hang Time (U).zip
snes	OK	NBA Jam - Tournament Edition (U) [!].smc
snes	OK	NBA Jam - Tournament Edition (U) [!].zip
snes	OK	NBA Jam (U) (V1.1) [!].smc
snes	OK	NBA Jam (U) (V1.1) [!].zip
snes	OK	NBA Live '95 (U) [!].zip
snes	OK	NBA Live '96 (U) [!].zip
snes	OK	NBA Live '97 (U) [!].zip
snes	OK	NBA Live '98 (U) [!].zip
snes	OK	Newman-Hass Indy Car Featuring Nigel Mansell (U).zip
snes	OK	NFL Quarterback Club '96 (U) [!].zip
snes	OK	NFL Quarterback Club (U).zip
snes	OK	NHL '95 (U) [!].zip
snes	OK	NHL '96 (U) [!].zip
snes	OK	NHL '97 (U) [!].zip
snes	OK	NHL '98 (U).zip
snes	OK	Nickelodeon GUTS (U).zip
snes	OK	Nigel Mansell's World Championship Racing (U) [!].zip
snes	OK	Ninja Gaiden Trilogy (U) [!].zip
snes	OK	Ninja Warriors, The (U).zip
snes	OK	No Escape (U).zip
snes	OK	Nosferatu (U).zip
snes	OK	Ogre Battle - The March of the Black Queen (U) [!].zip
snes	OK	Olympic Summer Games 96 (U).zip
snes	OK	Operation Thunderbolt (U).zip
snes	OK	Pacific Theater of Operations II (U).zip
snes	OK	Pacific Theater of Operations (U) [!].zip
snes	OK	Pac-in-Time (U) [!].zip
snes	OK	Pac-Man 2 - The New Adventures (U) [!].zip
snes	OK	Pagemaster, The (U).zip
snes	OK	Paladin's Quest (U) [!].zip
snes	OK	Peace Keepers, The (U) [!].zip
snes	OK	Pebble Beach Golf Links (U).zip
snes	OK	PGA Tour 96 (U) [!].zip
snes	OK	Phantom 2040 (U).zip
snes	OK	Pieces (U).zip
snes	OK	Pinocchio (U).zip
snes	OK	Pitfall - The Mayan Adventure (U).zip
snes	OK	Pocky & Rocky 2 (U) [!].zip
snes	OK	Pocky & Rocky (U) [!].zip
snes	OK	Porky Pig's Haunted Holiday (U) [!].zip
snes	OK	Power Drive (U) (Beta) (M5).zip
snes	OK	Power Instinct (U).zip
snes	OK	Power Rangers Zeo - Battle Racers (U).zip
snes	OK	Prehistorik Man (U) [!].zip
snes	OK	Primal Rage (U) [!].zip
snes	OK	Prince of Persia 2 - The Shadow & The Flame (U).zip
snes	OK	Radical Rex (U).zip
snes	OK	Ranma Nibunnoichi - Hard Battle (U) [!].zip
snes	OK	Rap Jam - Volume One (U) [!].zip
snes	OK	Relief Pitcher (U).zip
snes	OK	Ren & Stimpy Show, The - Time Warp (U).zip
snes	OK	Ren & Stimpy Show, The - Veediots! (U).zip
snes	OK	Revolution X (U).zip
snes	OK	RHI Roller Hockey '95 (U) (NG-Dump Known).zip
snes	OK	Rise of the Phoenix (U).zip
snes	OK	Rival Turf (U).zip
snes	OK	Robocop Versus The Terminator (U).zip
snes	OK	Robotrek (U) [!].zip
snes	OK	Rock N' Roll Racing (U) [!].zip
snes	OK	Rocko's Modern Life - Spunky's Dangerous Day (U).zip
snes	OK	Romance of the Three Kingdoms III - Dragon of Destiny (U).zip
snes	OK	Romance of the Three Kingdoms IV - Wall of Fire (U).zip
snes	OK	R-Type III - The Third Lightning (U) [!].zip
snes	OK	Sailor-Moon (ENG) # SNES.zip
snes	OK	Sailor-Moon RPG - Another Story (ENG) # SNES.zip
snes	OK	Samurai Shodown (U).zip
snes	OK	Saturday Night Slam Masters (U).zip
snes	OK	Scooby-Doo (U) [!].zip
snes	OK	SeaQuest DSV (U).zip
snes	OK	Secret of Evermore (U) [!].zip
snes	OK	Secret of Mana (U) [!].zip
snes	OK	Shadowrun (U) [!].zip
snes	OK	Shadow, The (U).zip
snes	OK	Shaq Fu (U) [!].zip
snes	OK	Shien's Revenge (U).zip
snes	OK	Sim Ant (U) (49046).zip
snes	OK	Sim City 2000 (U).zip
snes	OK	Simpsons, The - Bart's Nightmare (U) [!].zip
snes	OK	Soldiers of Fortune (U) [!].zip
snes	OK	Sonic Blast Man II (U).zip
snes	OK	Sonic the Hedgehog (Unl).zip
snes	OK	SOS (U) [!].zip
snes	OK	Soul Blazer (U) [!].zip
snes	OK	Space Ace (U).zip
snes	OK	Sparkster (U).zip
snes	OK	Spawn (U) [!].zip
snes	OK	Speed Racer in My Most Dangerous Adventures (U).zip
snes	OK	Speedy Gonzales - Los Gatos Bandidos (U) (V1.1) [!].zip
snes	OK	Spell Craft (U).zip
snes	OK	Spider-Man (U).zip
snes	OK	Spider-Man & Venom - Maximum Carnage (U).zip
snes	OK	Spider-Man & Venom - Separation Anxiety (U).zip
snes	OK	Sporting News Power Baseball, The (U).zip
snes	OK	Sports Illustrated Championship Football & Baseball (U) [!].zip
snes	HANG	Stargate (U) [!].zip
snes	OK	Star Ocean # SNES.zip
snes	OK	Star Trek - Deep Space Nine - Crossroads of Time (U) [!].zip
snes	OK	Star Trek - The Next Generation - Future's Past (U) [!].zip
snes	HANG	Stone Protectors (U).zip
snes	OK	Street Fighter Alpha 2 (U) [!].zip
snes	OK	Street Fighter II - The World Warrior (U) [!].smc
snes	OK	Street Fighter II - The World Warrior (U) [!].zip
snes	OK	Street Fighter II Turbo - Hyper Fighting (U) [!].zip
snes	OK	Street Hockey '95 (U) [!].zip
snes	OK	Street Racer (U).zip
snes	OK	Sunset Riders (U) [!].zip
snes	OK	Super Adventure Island II (U) [!].zip
snes	OK	Super Alfred Chicken (U) [!].zip
snes	OK	Super Bases Loaded 3 - License to Steal (U) (V1.0) [!].zip
snes	OK	Super Battletank 2 (U).zip
snes	OK	Super Black Bass (U) [!].zip
snes	OK	Super Bonk (U).zip
snes	OK	Super Castlevania IV (U) [!].smc
snes	OK	Super Castlevania IV (U) [!].zip
snes	OK	Super Double Dragon (U).smc
snes	OK	Super Double Dragon (U).zip
snes	OK	Super Godzilla (U).zip
snes	OK	Super High Impact (U).zip
snes	OK	Super Mario All-Stars + Super Mario World (U) [!].smc
snes	OK	Super Mario All-Stars + Super Mario World (U) [!].zip
snes	OK	Super Mario All-Stars (U) [!].zip
snes	OK	Super Mario RPG - Legend of the Seven Stars (U) [!].zip
snes	OK	Super Mario World 2 - Yoshi's Island (U) (M3) (V1.1).zip
snes	OK	Super Metroid (JU) [!].zip
snes	OK	Super Off Road - The Baja (U).zip
snes	OK	Super Punch-Out!! (U) [!].zip
snes	OK	Super R.B.I. Baseball (U).zip
snes	OK	Super Star Wars - Return of the Jedi (U) (V1.1) [!].smc
snes	OK	Super Star Wars - Return of the Jedi (U) (V1.1) [!].zip
snes	OK	Super Star Wars - The Empire Strikes Back (U) (V1.1) [!].smc
snes	OK	Super Star Wars - The Empire Strikes Back (U) (V1.1) [!].zip
snes	OK	Super Star Wars (U) (V1.1) [!].zip
snes	OK	Super Street Fighter II - The New Challengers (U).zip
snes	OK	Super Strike Eagle (U) [!].zip
snes	OK	Super Turrican 2 (U) [!].zip
snes	OK	Super Valis IV (U).zip
snes	OK	SWAT Kats - The Radical Squadron (U) [!].zip
snes	OK	Syndicate (U).zip
snes	OK	T2 - The Arcade Game (U).smc
snes	OK	T2 - The Arcade Game (U).zip
snes	OK	Tales of Phantasia (ENG) # SNES.zip
snes	OK	Tecmo Super Baseball (U).zip
snes	OK	Tecmo Super Bowl III - Final Edition (U) [!].zip
snes	OK	Tecmo Super Bowl II - Special Edition (U).smc
snes	OK	Tecmo Super Bowl II - Special Edition (U).zip
snes	OK	Tecmo Super Bowl (U) [!].smc
snes	OK	Tecmo Super Bowl (U) [!].zip
snes	OK	Teenage Mutant Ninja Turtles IV - Turtles in Time (U) [!].smc
snes	OK	Teenage Mutant Ninja Turtles IV - Turtles in Time (U) [!].zip
snes	OK	Teenage Mutant Ninja Turtles - Tournament Fighters (U).zip
snes	OK	Terminator 2 - Judgment Day (U) [!].smc
snes	OK	Terminator 2 - Judgment Day (U) [!].zip
snes	OK	Tetris 2 (U) (V1.1) [!].smc
snes	OK	Tetris 2 (U) (V1.1) [!].zip
snes	OK	Tetris Attack (U) [!].smc
snes	OK	Tetris Attack (U) [!].zip
snes	OK	Thomas the Tank Engine and Friends (U) [!].zip
snes	OK	Tick, The (U) [!].zip
snes	OK	Timecop (U) [!].zip
snes	OK	Timon & Pumbaa's Jungle Games (U) [!].zip
snes	OK	Tin Star (U) [!].zip
snes	OK	Tiny Toon Adventures - Buster Busts Loose! (U) [!].smc
snes	OK	Tiny Toon Adventures - Buster Busts Loose! (U) [!].zip
snes	OK	Tiny Toon Adventures - Wacky Sports Challenge (U).zip
snes	OK	TNN Bass Tournament of Champions (U).zip
snes	OK	Top Gear 3000 (U) [!].zip
snes	OK	Toy Story (U) [!].zip
snes	OK	Troy Aikman NFL Football (U) [!].zip
snes	OK	True Lies (U) [!].zip
snes	HANG	Tuff E Nuff (U) [!].zip
snes	OK	Turn and Burn - No-Fly Zone (U) [!].zip
snes	HANG	Twisted Tales of Spike McFang, The (U).zip
snes	OK	Ultimate Fighter (U).zip
snes	OK	Ultimate Mortal Kombat 3 (U).smc
snes	OK	Ultimate Mortal Kombat 3 (U).zip
snes	OK	Uncharted Waters - New Horizons (U).zip
snes	OK	Uniracers (U) [!].zip
snes	OK	Untouchables, The (U).zip
snes	OK	Urban Strike (U) [!].zip
snes	OK	Vegas Stakes (U) [!].zip
snes	OK	Virtual Bart (U) [!].zip
snes	OK	Waialae Country Club (U).zip
snes	OK	War 2410 (U).zip
snes	OK	Warlock (U) [!].zip
snes	OK	Wayne Gretzky and the NHLPA All-Stars (U) [!].zip
snes	OK	Wayne's World (U) [!].zip
snes	OK	WCW Super Brawl Wrestling (U) [!].zip
snes	OK	Weapon Lord (U) [!].zip
snes	OK	Where in the World is Carmen Sandiego (U).smc
snes	OK	Where in the World is Carmen Sandiego (U).zip
snes	OK	Where in Time is Carmen Sandiego (U) [!].zip
snes	OK	Wild Guns (U).zip
snes	OK	Wing Commander - The Secret Missions (U).zip
snes	OK	Wing Commander (U) [!].zip
snes	OK	Winter Olympic Games - Lillehammer '94 (U) (M8).zip
snes	OK	Wizard of Oz, The (U) [!].zip
snes	OK	Wizardry V - Heart of the Maelstrom (U) [!].zip
snes	OK	Wolverine - Adamantium Rage (U) [!].zip
snes	OK	World Cup USA 94 (U).zip
snes	OK	World Heroes 2 (U) [!].zip
snes	OK	World Heroes (U) [!].zip
snes	OK	WWF Raw (U) [!].zip
snes	OK	WWF Royal Rumble (U).zip
snes	OK	WWF Super WrestleMania (U) [!].zip
snes	OK	WWF WrestleMania - The Arcade Game (U) [!].zip
snes	OK	X-Kaliber 2097 (U).zip
snes	OK	X-Men - Mutant Apocalypse (U).smc
snes	OK	X-Men - Mutant Apocalypse (U).zip
snes	OK	Young Merlin (U).zip
snes	OK	Ys 4 - Mask of the Sun (ENG) # SNES.zip
snes	OK	Zero the Kamikaze Squirrel (U) [!].zip
snes	OK	Zool (U).zip
done	done	SWEEP COMPLETE
